{"cameraMode":{"drawMode":0,"name":"Shaded","section":"Shading Mode"},"sceneLighting":false,"audioPlay":false,"sceneViewState":{"showFog":true,"showMaterialUpdate":false,"showSkybox":false,"showFlares":true,"showImageEffects":true,"showParticleSystems":true},"in2DMode":false,"pivot":{"x":0.31690019369125368,"y":0.17317290604114533,"z":-0.2578125},"rotation":{"x":-0.01796477474272251,"y":0.19284813106060029,"z":-0.0035319910384714605,"w":-0.9810600280761719},"size":1.3880363702774048,"orthographic":false}